{
  "mini-panel-close": [
    0,
    168.52607709750566
  ],
  "mini-panel-open": [
    2000,
    500
  ],
  "panel-close": [
    4000,
    800.0226757369617
  ],
  "panel-open": [
    6000,
    800.0226757369617
  ],
  "system-close": [
    8000,
    500
  ],
  "system-open": [
    10000,
    626.9387755102046
  ],
  "click": [
    12000,
    136.3718820861681
  ],
  "error": [
    14000,
    136.3718820861681
  ],
  "play": [
    16000,
    2181.836734693878
  ],
  "order-building": [
    20000,
    2727.2789115646247
  ],
  "order-ship": [
    24000,
    3818.1859410430834
  ],
  "buy-patent": [
    29000,
    1636.3718820861664
  ],
  "buy-doctrine": [
    32000,
    2181.8367346938744
  ],
  "new-text-notif": [
    36000,
    818.1859410430832
  ],
  "new-box-notif": [
    38000,
    1090.9297052154159
  ],
  "new-chat-message": [
    41000,
    1090.9297052154159
  ],
  "apply-doctrine": [
    44000,
    1769.138321995463
  ],
  "buy-doctrine-slot": [
    47000,
    1772.7437641723327
  ],
  "notif-building_finished": [
    50000,
    1772.7437641723327
  ],
  "notif-new_object_in_radar": [
    53000,
    3545.464852607708
  ]
}
